BCIT00001,Amsterdam Printed Cotton T-Shirt,400,1799,1099,Shop Amsterdam Printed Cotton T-Shirt | Bargain.pk,amsterdam-printed-t-shirt,Amsterdam Tshirt,cities,548
BCIT00002,Barcelona Pure Cotton T-Shirt,400,1799,1099,Shop Barcelona Pure Cotton T-Shirt | Bargain.pk,barcelona-pure-t-shirt,Barcelona Tshirt,cities,548
BCIT00003,Beirut Printed T-Shirt,400,1799,1099,Shop Beirut Printed T-Shirt | Bargain.pk,beirut-printed-t-shirt, Beirut Tshirt,cities,548
BCIT00004,Buenos Cotton Printed T-Shirt,400,1799,1099,Shop Buenos Cotton Printed T-Shirt | Bargain.pk,buenos-printed-t-shirt,Buenos Tshirt,cities,548
BCIT00005,Capetown 100% Cotton T-Shirt,400,1799,1099,Shop Capetown 100% Cotton T-Shirt | Bargain.pk,capetown-t-shirt,Capetown  Tshirt,cities,548
BCIT00006,Dubai Printed T-Shirt,400,1799,1099,Shop Dubai Printed T-Shirt Online | Bargain.pk,dubai-printed-t-shirt,Dubai Tshirt,cities,548
BCIT00007,Florence Cotton T-Shirt,400,1799,1099,Shop Florence Double Stitch Cotton T-Shirt | Bargain.pk,florence-t-shirt,Florence Tshirt,cities,548
BCIT00008,Havana Pure Cotton T-Shirt,400,1799,1099,Shop Havana Pure Cotton T-Shirt | Bargain.pk,havana-pure-t-shirt,Havana  Tshirt,cities,548
BCIT00009,Hong kong Printed T-Shirt,400,1799,1099,Shop Hong kong Printed T-Shirt | Bargain.pk,hong-kong-printed-t-shirt,Hong kong Tshirt,cities,548
BCIT000010,Istanul Printed T-Shirt,400,1799,1099,Shop Istanul Printed T-Shirt | Bargain.pk,istanul-printed-t-shirt, Istanul  Tshirt,cities,548
BCIT000011,Lisbon Printed T-shirt,400,1799,1099,Shop Lisbon Round Neck Printed T-shirt | Bargain.pk,lisbon-printed-t-shirt,Lisbon Tshirt,cities,548
BCIT000012,London Cotton T-Shirt,400,1799,1099,Shop London Double Stitch Cotton T-Shirt | Bargain.pk,london-t-shirt,London  Tshirt,cities,548
BCIT000013,Lucene Pure Cotton T-Shirt,400,1799,1099,Shop Lucene Pure Cotton T-Shirt | Bargain.pk,lucene-pure-t-shirt, LuceneTshirt,cities,548
BCIT000014,Mexico Cotton Printed T-Shirt,400,1799,1099,Shop Mexico Cotton Printed T-Shirt | Bargain.pk,mexico-printed-t-shirt,Mexico Tshirt,cities,548
BCIT000015,Milan Printed T-Shirt,400,1799,1099,Shop Milan Double Stitch Printed T-Shirt | Bargain.pk,milan-printed-t-shirt,Milan Tshirt,cities,548
BCIT000016,Newyork 100% Cotton T-shirt,400,1799,1099,Shop Milan 100% Cotton T-shirt | Bargain.pk,newyork-t-shirt,Milan Tshirt,cities,548
BCIT000017,Paris Cotton T-Shirt,400,1799,1099,Shop Paris Cotton T-Shirt Online | Bargain.pk,paris-t-shirt,Paris  Tshirt,cities,548
BCIT000018,Quebec City Printed T-Shirt,400,1799,1099,Shop Quebec City Printed T-Shirt | Bargain.pk,quebec-city-printed-t-shirt,Quebec Tshirt,cities,548
BCIT000019,Rio De Janeiro Cotton T-Shirt,400,1799,1099,Shop Rio De Janeiro Cotton T-Shirt | Bargain.pk,rio-de-janeiro-t-shirt,Rio De Janeiro  Tshirt,cities,548
BCIT000020,Rome City Printed T-Shirt,400,1799,1099,Shop Rome City Printed T-Shirt | Bargain.pk,rome-city-printed-t-shirt,Rome Tshirt,cities,548
BCIT000021,San Francisco Cotton T-Shirt,400,1799,1099,Shop San Francisco Cotton T-Shirt | Bargain.pk,san-francisco-t-shirt,San Francisco Tshirt,cities,548
BCIT000022,Seville City Printed T-Shirt,400,1799,1099,Shop Seville City Printed T-Shirt | Bargain.pk,seville-city-printed-t-shirt,Seville  Tshirt,cities,548
BCIT000023,Shahgai City Cotton T-Shirt,400,1799,1099,Shop Shahgai City Cotton T-Shirt | Bargain.pk,shahgai-city-t-shirt,Shahgai  Tshirt,cities,548
BCIT000024,Singapore City Pure Cotton T-Shirt,400,1799,1099,Shop Singapore City Pure Cotton T-Shirt | Bargain.pk,singapore-city-pure-t-shirt,Singapore City Tshirt,cities,548
BCIT000025,St.Peterburg Printed T-Shirt,400,1799,1099,Shop St.Peterburg Printed T-Shirt | Bargain.pk,st.peterburg-printed-t-shirt,St.Peterburg Tshirt,cities,548
BCIT000026,Sydney Pure Cotton T-Shirt,400,1799,1099,Shop Sydney Pure Cotton T-Shirt | Bargain.pk,sydney-pure-t-shirt,Sydney Tshirt,cities,548
BCIT000027,Thailand City 100% Cotton T-Shirt,400,1799,1099,Shop Thailand City 100% Cotton T-Shirt | Bargain.pk,thailand-city-t-shirt,Thailand City  Tshirt,cities,548
BCIT000028,Tokyo City Printed T-Shirt,400,1799,1099,Shop Tokyo City Printed T-Shirt Online| Bargain.pk,tokyo-city-printed-t-shirt,Tokyo Tshirt,cities,548
BCIT000029,Toronto City Double Stitch T-Shirt,400,1799,1099,Shop Toronto City Double Stitch T-Shirt | Bargain.pk,toronto-city-double-stitch-t-shirt,Toronto  Tshirt,cities,548
BCIT000030,New York City Double Stitch T-Shirt,400,1799,1099,Shop New York City Double Stitch T-Shirt | Bargain.pk,new-york-city-double-stitch-t-shirt, New York Tshirt,cities,548
