BCIP00001,I Love Bhalwapur Cotton T-Shirt,400,1799,1099,Shop I Love Bhalwapur Cotton T-Shirt Online | Bargain.pk,i-love-bhalwapur-cotton-t-shirt,I Love Bhalwapur,cities,548
BCIP00002,I Love Faislabad Round Neck T-Shirt,400,1799,1099,Shop I Love Faislabad Round Neck T-Shirt | Bargain.pk,i-love-faislabad-round-neck-t-shirt,I Love Faislabad,cities,548
BCIP00003,I Love Gujranwala Printed T-Shirt,400,1799,1099,Shop I Love Gujranwala Printed T-Shirt | Bargain.pk,i-love-gujranwala-printed-t-shirt,I Love Gujranwala,cities,548
BCIP00004,I Love Hyderabad Pure Cotton T-Shirt,400,1799,1099,Shop I Love Hyderabad Pure Cotton T-Shirt | Bargain.pk,i-love-hyderabad-pure-cotton-t-shirt,I Love Hyderabad,cities,548
BCIP00005,I Love Islamabad Cotton T-Shirt,400,1799,1099,Shop I Love Islamabad Cotton T-Shirt Online | Bargain.pk,i-love-islamabad-cotton-t-shirt,I Love Islamabad,cities,548
BCIP00006,I Love Karachi Printed T-Shirt,400,1799,1099,Shop I Love Karachi Printed T-Shirt Online in Pakistan | Bargain.pk,i-love-karachi-printed-t-shirt,I Love Karachi,cities,548
BCIP00007,I Love Lahore Cotton Printed T-shirt,400,1799,1099,Shop I Love Lahore Cotton Printed T-Shirt Online | Bargain.pk,i-love-lahore-cotton-printed-t-shirt,I Love Lahore,cities,548
BCIP00008,I love Mardan Cotton T-Shirt,400,1799,1099,Shop I love Mardan Cotton T-Shirt | Bargain.pk,i-love-mardan-cotton-t-shirt,I love Mardan,cities,548
BCIP00009,I love Multan Printed T-Shirt,400,1799,1099,Shop I love Multan Printed T-Shirt | Bargain.pk,i-love-multan-printed-t-shirt,I love Multan,cities,548
BCIP000010,I Love Sargodha Cotton T-Shirt,400,1799,1099,Shop I Love Sargodha Cotton T-Shirt | Bargain.pk,i-love-sargodha-cotton-t-shirt,I Love Sargodha,cities,548
BCIP000011,I Love Peshawar Round Neck T-Shirt,400,1799,1099,Shop I Love Peshawar Round Neck T-Shirt | Bargain.pk,i-love-peshawar-round-neck-t-shirt,I Love Peshawar,cities,548
BCIP000012,I Love Quetta Printed T-Shirt,400,1799,1099,Shop I Love Quetta Printed T-Shirt | Bargain.pk,i-love-quetta-printed-t-shirt,I Love Quetta,cities,548
BCIP000013,I Love Rawalpindi Round Neck T-Shirt,400,1799,1099,Shop I Love Rawalpindi Round Neck T-Shirt | Bargain.pk,i-love-rawalpindi-round-neck-t-shirt,I Love Rawalpindi,cities,548
BCIP000014,I love Sahiwal Pure Cotton T-Shirt,400,1799,1099,Shop  love Sahiwal Pure Cotton T-Shirt | Bargain.pk,i-love-sahiwal-pure-cotton-t-shirt,I love Sahiwal,cities,548
BCIP000015,I love Sialkot Printed T-Shirt,400,1799,1099,Shop I love Sialkot Printed T-Shirt | Bargain.pk,i-love-sialkot-printed-t-shirt,I love Sialkot,cities,548
BCIP000016,I love Sukkar Cotton Printed T-Shirt,400,1799,1099,ShopI love Sukkar Cotton Printed T-Shirt | Bargain.pk,i-love-sukkar-cotton-printed-t-shirt,I love Sukkar,cities,548
