465,fat burning
765,joint health
82,
86,
89,"fat burning, weight management"
106,weight gainer
469,
470,
466,
472,fat burning
464,
471,
463,
93,general health
96,
97,
94,
532,"basic fitness, endurance, sports, weight management"
488,
99,"general health, heart health, joint health"
100,
104,
105,
847,joint health
871,
758,
876,
789,
787,women health
742,men health
423,
864,
865,
866,
484,
552,
344,general health
345,general health
764,
356,
358,general health
359,general health
360,
361,general health
363,general health
364,
365,
366,general health
368,
370,
405,general health
407,
409,
412,
414,
415,
416,sleep
444,
445,
448,
367,general health
462,fat burning
467,
468,
473,
480,
481,
482,
483,weight gainer
485,
490,
95,men health
575,
556,
585,
589,basic fitness
594,
829,
830,
828,
782,"basic fitness, endurance, energy, general health, heart health, joint health, sleep, sports, weight gainer, weight management"
802,sleep
826,
835,
832,
833,
777,
834,
858,
859,
860,
861,
862,
863,
869,
870,weight gainer
848,
849,
850,
851,
852,
853,
854,
855,
856,
857,
872,
873,
874,
875,
536,"basic fitness, endurance, general health, joint health, sports, weight gainer, weight management"
489,women health
493,
98,"endurance, energy"
491,
531,
492,"endurance, energy, sports, weight gainer, weight management"
486,weight gainer
88,
479,
574,
867,
587,
554,
571,
586,
561,
564,
588,weight gainer
570,
568,
567,
558,weight gainer
551,
593,energy
563,
560,
596,
557,
590,
597,
591,weight gainer
562,
85,
573,
90,energy
555,basic fitness
595,
404,
369,general health
362,
403,
402,
417,
457,
868,
103,
878,
420,
879,weight gainer
880,
881,
882,
837,
746,
877,
592,weight gainer
487,
553,
569,
559,weight gainer
733,
732,
734,
735,women health
736,"general health, women health"
738,"joint health, men health"
739,
740,general health
741,men health
743,men health
744,women health
745,
747,
748,"basic fitness,endurance, energy, sports, weight gainer"
749,
750,
751,
752,
753,
754,joint health
756,
737,men health
774,heart health
775,heart health
776,heart health
788,women health
794,"basic fitness,endurance, men health, weight gainer"
796,"heart health, immune, men health, sleep"
801,sleep
800,sleep
803,sleep
817,women health
797,"endurance, energy, fat burning, men health"
818,women health
819,"general health, immune, sleep, women health"
820,"basic fitness, endurance, general health, heart health,immune support, joint health, sleep, sports, weight gainer, women health"
821,"general health, women health"
822,"general health, men health"
823,men health
824,general health
