BIND000011,Celebrating independence Printed T-Shirt,400,1799,1099,Shop Celebrating independence Printed T-Shirt | Bargain.pk,celebrating-independence-printed-t-shirt,Celebrating independence Day Pakistan,pakistan-day,270
BIND000012,Pakistan Independence Day 14th august Cotton T-Shirt,400,1799,1099,Shop Pakistan Independence Day 14th august Cotton T-Shirt | Bargain.pk,pakistan-independence-day-14th-august-cotton-t-shirt,Pakistan Independence Day 14th August since 1947,pakistan-day,270
BIND000013,Celebrating Independence Day 14th August Printed T-Shirt,400,1799,1099,Shop Celebrating Independence Day 14th August Printed T-Shirt | Bargain.pk,celebrating-independence-day-14th-august-printed-t-shirt,Celebrating Independence Day 14th August,pakistan-day,270
BIND000014,Pakistan Independence Since 1947 Pure Cotton T-Shrit,400,1799,1099,Shop Pakistan Independence Since 1947 Pure Cotton T-Shrit | Bargain.pk,pakistan-independence-since-1947-pure-cotton-t-shrit,Pakistan independence day 14th August since 1947,pakistan-day,270
BIND000015,Happy 14 August Double Stitched T-Shirt,400,1799,1099,Shop Happy 14 August Double Stitched T-Shirt | Bargain.pk,happy-14-august-double-stitched-t-shirt,Happy 14 august independence day,pakistan-day,270
BIND000016,14 August independence Day,400,1799,1099,Shop 14 August independence Day | Bargain.pk,14-august-independence-day,14 August independence Day,pakistan-day,270
BIND000017,14 August Printed T-Shrit,400,1799,1099,Shop 14 August Printed T-Shirt | Bargain.pk,14-august-printed-t-shrit,14-Aug,pakistan-day,270
BIND000018,Celebrating Independence Since 1947 Cotton T-Shirt,400,1799,1099,Shop Celebrating Independence Since 1947 Cotton T-Shirt | Bargain.pk,celebrating-independence-since-1947-cotton-t-shirt,celebrating independence since 1947,pakistan-day,270
BIND000019,Happy Independence Day Cotton Printed T-Shirt,400,1799,1099,Shop Happy Independence Day Cotton Printed T-Shirt | Bargain.pk,happy-independence-day-cotton-printed-t-shirt,happy independence Day,pakistan-day,270
BIND000020,14th August Pakistan Printed T-Shirt,400,1799,1099,Shop 14th August Pakistan Printed T-Shirt | Bargain.pk,14th-august-pakistan-printed-t-shirt,14th august pakistan independence Day,pakistan-day,270
BIND000021,Pakistan zindabad Pure Cotton T-Shirt,400,1799,1099,Shop Pakistan zindabad Pure Cotton T-Shirt | Bargain.pk,pakistan-zindabad-pure-cotton-t-shirt,Pakistan zindabad,pakistan-day,270
BIND000022,Naya Pakistan Printed T-Shirt,400,1799,1099,Shop Naya Pakistan Printed T-Shirt | Bargain.pk,naya-pakistan-printed-t-shirt,Naya Pakistan 14 august,pakistan-day,270
BIND000023,Youm e Azadi Mubarak Printed T-Shirt,400,1799,1099,Shop Youm e Azadi Mubarak Printed T-Shirt | Bargain.pk,youm-e-azadi-mubarak-printed-t-shirt,Youm e azadi mubarak,pakistan-day,270
BIND000024,14th of August Happy Independence Day T-Shirt,400,1799,1099,Shop 14th of August Happy Independence Day T-Shirt | Bargain.pk,14th-of-august-happy-independence-day-t-shirt,14th of august happy independence day,pakistan-day,270
BIND000025,Happy Independence Day Printed T-Shirt,400,1799,1099,Shop Happy Independence Day Printed T-Shirt | Bargain.pk,happy-independence-day-printed-t-shirt,happy independence Day,pakistan-day,270
BIND000026,Celebrating Independence Day Pakistan T-Shirt,400,1799,1099,Shop Celebrating Independence Day Pakistan T-Shirt | Bargain.pk,celebrating-independence-day-pakistan-t-shirt,celebrating independence day Pakistan,pakistan-day,270
BIND000027,14 August Independence Day Cotton T-Shirt,400,1799,1099,Shop 14 August Independence Day Cotton T-Shirt | Bargain.pk,14-august-independence-day-cotton-t-shirt,14 august independence day,pakistan-day,270
BIND000028,Since 1947 Pakistan Independence Day Printed T-Shirt,400,1799,1099,Shop Since 1947 Pakistan Independence Day Printed T-Shirt | Bargain.pk,since-1947-pakistan-independence-day-printed-t-shirt,since 1947 pakistan independence day,pakistan-day,270
BIND000029,Happy 14th of August Round Neck T-Shirt,400,1799,1099,Shop Happy 14th of August Round Neck T-Shirt | Bargain.pk,happy-14th-of-august-round-neck-t-shirt,happy 14th of august,pakistan-day,270
BIND000030,Celebrating 14 August Independence Day T-Shirt,400,1799,1099,Shop Celebrating 14 August Independence Day T-Shirt | Bargain.pk,celebrating-14-august-independence-day-t-shirt,celebrating 14 august independence day,pakistan-day,270
BIND000031,14th August Pakistan Independence Day T-Shirt,400,1799,1099,Shop 14th August Pakistan Independence Day T-Shirt | Bargain.pk,14th-august-pakistan-independence-day-t-shirt,14th august pakistan independence day,pakistan-day,270
BIND000032,Happy Pakistan Independence Day Printed T-Shirt,400,1799,1099,Shop Happy Pakistan Independence Day Printed T-Shirt | Bargain.pk,happy-pakistan-independence-day-printed-t-shirt,happy pakistan independence day,pakistan-day,270
BIND000033,Pakistan Zindabad 14 August Cotton T-Shirt,400,1799,1099,Shop Pakistan Zindabad 14 August Cotton T-Shirt | Bargain.pk,pakistan-zindabad-14-august-cotton-t-shirt,Pakistan Zindabad 14 August,pakistan-day,270
BIND000034,14th August Pakistan Independence Day T-Shirt,400,1799,1099,Shop 14th August Pakistan Independence Day T-Shirt | Bargain.pk,14th-august-pakistan-independence-day-t-shirt,14th August Pakistan Independence Day,pakistan-day,270
BIND000035,Jeevay Pakistan Printed T-Shirt,400,1799,1099,Shop Jeevay Pakistan Printed T-Shirt | Bargain.pk,jeevay-pakistan-printed-t-shirt,Jeevay Pakistan,pakistan-day,270
BIND000036,Azadi Mubarak Round Neck T-Shirt,400,1799,1099,Shop Azadi Mubarak Round Neck T-Shirt | Bargain.pk,azadi-mubarak-round-neck-t-shirt,Azadi Mubarak,pakistan-day,270
