BPAK00001,Abbottabad Printed T-Shirt,400,1799,1099,Shop Abbottabad Printed T-Shirt | Bargain.pk,abbottabad-printed-t-shirt,Abbottabad,pakistan,548
BPAK00002,Gilgit Printed T-Shirt,400,1799,1099,Shop Gilgit Printed T-Shirt | Bargain.pk,gilgit-printed-t-shirt,Gilgit,pakistan,548
BPAK00003,Gawadar Printed T-Shirt,400,1799,1099,Shop Gawadar Printed T-Shirt | Bargain.pk,gawadar-printed-t-shirt,Gawadar,pakistan,548
BPAK00004,Gujaranwala Printed T-Shirt,400,1799,1099,Shop Gujaranwala Printed T-Shirt | Bargain.pk,gujaranwala-printed-t-shirt,Gujaranwala,pakistan,548
BPAK00005,Islamabad Printed T-Shirt,400,1799,1099,Shop Islamabad Printed T-Shirt | Bargain.pk,islamabad-printed-t-shirt,Islamabad,pakistan,548
BPAK00006,Karachi Printed T-Shirt,400,1799,1099,Shop Karachi Printed T-Shirt | Bargain.pk,karachi-printed-t-shirt,Karachi,pakistan,548
BPAK00007,Lahore Printed T-Shirt,400,1799,1099,Shop Lahore Printed T-Shirt | Bargain.pk,lahore-printed-t-shirt,Lahore,pakistan,548
BPAK00008,Swat Printed T-Shirt,400,1799,1099,Shop Swat Printed T-Shirt | Bargain.pk,swat-printed-t-shirt,Swat,pakistan,548
BPAK00009,Faisalabad Printed T-Shirt,400,1799,1099,Shop Faisalabad Printed T-Shirt | Bargain.pk,faisalabad-printed-t-shirt,Faisalabad,pakistan,548
BPAK00010,Multan Printed T-Shirt,400,1799,1099,Shop Multan Printed T-Shirt | Bargain.pk,multan-printed-t-shirt,Multan,pakistan,548
