BEMO00001,Absolutely Printed T-Shirt,400,1799,1099,Shop Absolutely Printed T-Shirt | Bargain.pk,absolutely-printed-t-shirt,Absolutely,powerword,552
BEMO00002,Admirable Printed T-Shirt,400,1799,1099,Shop Admirable Printed T-Shirt | Bargain.pk,admirable-printed-t-shirt,Admirable,powerword,552
BEMO00003,Adventure Printed T-Shirt,400,1799,1099,Shop Adventure Printed T-Shirt | Bargain.pk,adventure-printed-t-shirt,Adventure,powerword,552
BEMO00004,Brillient Printed T-Shirt,400,1799,1099,Shop Brillient Printed T-Shirt | Bargain.pk,brillient-printed-t-shirt,Brillient,powerword,552
BEMO00005,Challenge Printed T-Shirt,400,1799,1099,Shop Challenge Printed T-Shirt | Bargain.pk,challenge-printed-t-shirt,Challenge,powerword,552
BEMO00006,Courteous Printed T-Shirt,400,1799,1099,Shop Courteous Printed T-Shirt | Bargain.pk,courteous-printed-t-shirt,Courteous,powerword,552
BEMO00007,Discovery Printed T-Shirt,400,1799,1099,Shop Discovery Printed T-Shirt | Bargain.pk,discovery-printed-t-shirt,Discovery,powerword,552
BEMO00008,Distictive Printed T-Shirt,400,1799,1099,Shop Distictive Printed T-Shirt | Bargain.pk,distictive-printed-t-shirt,Distictive,powerword,552
BEMO00009,Divine Printed T-Shirt,400,1799,1099,Shop Divine Printed T-Shirt | Bargain.pk,divine-printed-t-shirt,Divine,powerword,552
BEMO00010,Dream Big Printed T-Shirt,400,1799,1099,Shop Dream Big Printed T-Shirt | Bargain.pk,dreambig-printed-t-shirt,Dream Big,powerword,552
BEMO00011,Dynamic Printed T-Shirt,400,1799,1099,Shop Dynamic Printed T-Shirt | Bargain.pk,dynamic-printed-t-shirt,Dynamic,powerword,552
BEMO00012,Efficiency Printed T-Shirt,400,1799,1099,Shop Efficiency Printed T-Shirt | Bargain.pk,efficiency-printed-t-shirt,Efficiency,powerword,552
BEMO00013,Essertive Printed T-Shirt,400,1799,1099,Shop Essertive Printed T-Shirt | Bargain.pk,essertive-printed-t-shirt,Essertive,powerword,552
BEMO00014,Excellance Printed T-Shirt,400,1799,1099,Shop Excellance Printed T-Shirt | Bargain.pk,excellance-printed-t-shirt,Excellance,powerword,552
BEMO00015,Exploer Printed T-Shirt,400,1799,1099,Shop Exploer Printed T-Shirt | Bargain.pk,exploer-printed-t-shirt,Exploer,powerword,552
BEMO00016,Eyecatching Printed T-Shirt,400,1799,1099,Shop Eyecatching Printed T-Shirt | Bargain.pk,eyecatching-printed-t-shirt,Eyecatching,powerword,552
BEMO00017,Focus Printed T-Shirt,400,1799,1099,Shop Focus Printed T-Shirt | Bargain.pk,focus-printed-t-shirt,Focus,powerword,552
BEMO00018,Forgive Printed T-Shirt,400,1799,1099,Shop Forgive Printed T-Shirt | Bargain.pk,forgive-printed-t-shirt,Forgive,powerword,552
BEMO00019,Freedom Printed T-Shirt,400,1799,1099,Shop Freedom Printed T-Shirt | Bargain.pk,freedom-printed-t-shirt,Freedom,powerword,552
BEMO00020,Genius Printed T-Shirt,400,1799,1099,Shop Genius Printed T-Shirt | Bargain.pk,genius-printed-t-shirt,Genius,powerword,552
BEMO00021,Gorgeous Printed T-Shirt,400,1799,1099,Shop Gorgeous Printed T-Shirt | Bargain.pk,gorgeous-printed-t-shirt,Gorgeous,powerword,552
BEMO00022,Imagine Printed T-Shirt,400,1799,1099,Shop Imagine Printed T-Shirt | Bargain.pk,imagine-printed-t-shirt,Imagine,powerword,552
BEMO00023,Impressive Printed T-Shirt,400,1799,1099,Shop Impressive Printed T-Shirt | Bargain.pk,impressive-printed-t-shirt,Impressive,powerword,552
BEMO00024,Kindness Printed T-Shirt,400,1799,1099,Shop Kindness Printed T-Shirt | Bargain.pk,kindness-printed-t-shirt,Kindness,powerword,552
BEMO00025,Mind Set Printed T-Shirt,400,1799,1099,Shop Mind Set Printed T-Shirt | Bargain.pk,mindset-printed-t-shirt,Mind Set,powerword,552
BEMO00026,Mindfulness Printed T-Shirt,400,1799,1099,Shop Mindfulness Printed T-Shirt | Bargain.pk,mindfulness-printed-t-shirt,Mindfulness,powerword,552
BEMO00027,Out of box Printed T-Shirt,400,1799,1099,Shop Out of box Printed T-Shirt | Bargain.pk,outofbox-printed-t-shirt,Out of box,powerword,552
BEMO00028,Outrageous Printed T-Shirt,400,1799,1099,Shop Outrageous Printed T-Shirt | Bargain.pk,outrageous-printed-t-shirt,Outrageous,powerword,552
BEMO00029,Passionate Printed T-Shirt,400,1799,1099,Shop Passionate Printed T-Shirt | Bargain.pk,passionate-printed-t-shirt,Passionate,powerword,552
BEMO00030,Perfect Printed T-Shirt,400,1799,1099,Shop Perfect Printed T-Shirt | Bargain.pk,perfect-printed-t-shirt,Perfect,powerword,552
BEMO00031,Prestige Printed T-Shirt,400,1799,1099,Shop Prestige Printed T-Shirt | Bargain.pk,prestige-printed-t-shirt,Prestige,powerword,552
BEMO00032,Reliable Printed T-Shirt,400,1799,1099,Shop Reliable Printed T-Shirt | Bargain.pk,reliable-printed-t-shirt,Reliable,powerword,552
BEMO00033,Respect Printed T-Shirt,400,1799,1099,Shop Respect Printed T-Shirt | Bargain.pk,respect-printed-t-shirt,Respect,powerword,552
BEMO00034,Spectacular Printed T-Shirt,400,1799,1099,Shop Spectacular Printed T-Shirt | Bargain.pk,spectacular-printed-t-shirt,Spectacular,powerword,552
BEMO00035,Strong Printed T-Shirt,400,1799,1099,Shop Strong Printed T-Shirt | Bargain.pk,strong-printed-t-shirt,Strong,powerword,552
BEMO00036,Teamwork Printed T-Shirt,400,1799,1099,Shop Teamwork Printed T-Shirt | Bargain.pk,teamwork-printed-t-shirt,Teamwork,powerword,552
BEMO00037,Trust Printed T-Shirt,400,1799,1099,Shop Trust Printed T-Shirt | Bargain.pk,trust-printed-t-shirt,Trust,powerword,552
BEMO00038,Verstile Printed T-Shirt,400,1799,1099,Shop Verstile Printed T-Shirt | Bargain.pk,verstile-printed-t-shirt,Verstile,powerword,552
BEMO00039,Wisdom Printed T-Shirt,400,1799,1099,Shop Wisdom Printed T-Shirt | Bargain.pk,wisdom-printed-t-shirt,Wisdom,powerword,552
