82,Labrada Amino Thrust Essential Amino Acid for Muscle Recovery
85,Ronnie Coleman Pre XS Extreme Energy Dietary Supplement
86,BSN N.O-Xplode Pre Workout Dietary Supplement
88,Hard Mass Gainer All in One Protein Formula Dietary Supplement
89,Muscletech Platinum Pure CLA Ultra Pure CLA Dietary Supplement
90,Rsp Amino Lean Pre Workout Energy Formula
93,BPI Sports Whey HD Ultra Premium Whey Protein Powder
94,Nutrex Amino Drive Intra Post Workout for Muscle Recovery
95,Optimum Nutrition Nutrient Optimisation System Opti-Men 90 Tablets
96,Cellucor C4 Original Pre Workout
97,ON Glutamine Powder Unflavored Dietary Supplement
98,Optimum Nutrition Amino Energy Post Workout Dietary Supplement
99,ON Gold Standard 100% Gluten Free Whey Protein 
100,Muscletech Platinum 100% Carnitine Formula Dietary Spplement
103,Ronnie Coleman King Premium Whey Protein
104,Ultimate Nutrition Flavored BCAA Powder 12000 Amino Acid Supplement
105,MHP Ultra BCAA Extra Leucine Naturally & Artificially Flavored
106,Muscletech Mass Tech Advanced Muscle Gainer Dietary Supplement
344,Dymatize Elite 100% Whey Protein Gluten Free Powder
345,Muscletech Nitro-Tech Whey Plus Isolate Gold 
354,Muscletech Nitrotech Nighttime Dietary Supplement
356,Jym Supplement Science Pro Dietary Supplement
358,VX 100% Real Whey Protein Powder Dietary Supplement
359,Ultimate Nutrition Prostar 100% Whey Protein 
360,BSN Syntha-6 Sports Food Supplementary
361,Labrada ISO Whey Isolate Protein Powder
362,Cellucor Cor-Performance Whey Protein Powder 
363,Indus Sports Nutrition 100% Whey Protein Powder
364,Dymatize Nutrition Elite Gourmet Protein Powder
365,Muscletech Nitro-Tech Ripped Ultimate Protein & Weight loss
366,Musclepharm Combat 100% Whey Gluten Free
367,Dynamik Muscle Prey Primal Whey Protein Formula
368,BPI Sports ISO HD Isolate & Hydrolysate with Zero Fillers
369,BPI Sports Best Protein Advanced 100% Whey Protein Powder 
370,Optimum Nutrition Platinum Hydro Builder Muscle Constructor
402,ISO pure Zero Carb Protein Powder
403,Optimum Nutrition Isolate 100% Protein Whey Isolate
404,Universal Nutrition Animal Muscle Food Whey
405,RSP Whey Protein Blend with Natural & Artificial Flavors
407,MuscleMeds Bioengineered Beef Protein Isolate Carnivor Protein Powder
409,Myofusion Advanced Protein with Fast Acting Hydro Whey
412,Jym Supplement Science PRO JYM Dietary Supplement
414,Muscletech Performance Series Phase 8 Protein Dietary Supplement
415,Optimum Nutrition Platinum Hydrowhey Gluten Free
416,Optimum Nutrition Gold Standard 100% Casein Slow Digesting Power
417,Nutrex Muscle Infusion Advanced Protein Blend
420,Muscletech Nitro-Tech Protein Powder Dietary Supplement
423,Dymatize Nutrition ISO 100 Hydrolyzed Protein Powder
440,BSN Syntha-6 Isolate Finish First Protein Powder
442,BSN Syntha-6 Ultra Protein Powder for Lean Muscle
444,Musclepharm Combat 100% Isolate Protein 
445,Musclepharm Combat Powder Athletes Complete Protein
457,Muscletech Nitro Tech Power Ultimate Muscle Amplifying Protein Dietary Supplement
462,RSP Lean Omega Fat Burner Dietary Supplement
463,RSP Nutrition Quadra Lean Thermogenic Dietary Supplement
464,RSP L-Carnitine Tartrate Drug Free Dietary Supplement
465,Nutrex Lipo 6 Black Ultra Concentrate Fat Loss Support
466,Hydroxycut Hardcore Elite Extreme Energy Dietary Supplement
467,Muscletech Hydroxycut Hardcore Next Generation Weight Loss
468,Universal Nutrition Ripped Peeled Animal Cuts 
469,Cellucor C4 Ripped Pre Workout & Cutting Formula Dietry Supplement
470,Black Ops Grenade Weight Management System 100 Capsules 
471,Nutrex Lipo 6 Black Ultra Concentrate Fat Destroyer
472,BSN Hyper Shred Energy Formula & Fat Burner
473,Nutrex Lipo 6 Unlimited Excersise Booster Diet Support
479,Dymatize High Protein Super Mass Gainer Dietary Supplement
480,Optimum Nutrition Gold Standard Protein Gainer 
481,Ronnie Coleman King Mass Growth Accelerator
482,Muscletech Mass Tech Extreme 2000 Mass Gainer
483,Optimum Nutrition High Protein Gainer
484,BPI Sports Bulk Muscle Anabolic Mass Gainer
485,Russian Bear Nutrition Russianbear 10000 Mass Gainer
486,Universal Nutrition Animal Mass Weight Gainer
487,Nutrex Mass Infusion Advance Protein Blend Dietary Supplement
488,Optimum Nutrition Serious Mass High Protein Weight Gain Powder 
489,Optimum Nutrition Opti-Women Dietary Supplement
490,Muscletech Platinum Advanced Multivitamin Dietarry Supplement
491,Universal Nutrition True Original Animal Cut Pak Tablets
492,Universal Nutrition Fish Oil Maintains the Nervous System
493,Muscletech Test HD Multivitamins Dietary Supplement
531,Universal Nutrition Animal Stak Get Jacked 
532,Muscletech 100% Platinum Fish Oil with Ultra Pure Omegas
536,Optimum Nutrition Fish Oil Softgels Dietary Supplement
551,Dymatize BCAA Pre Workout Dietary Supplement
552,Post Jym Muscle Growth Supplement Science
553,Pre Jym Supplement Science 2.0 Muscle Pre Growth Workout
554,BSN Amino X Edge Finish First Pre Workout for Fast Recovery
555,Scivation Xtend Go Energy & Muscle Growth
556,RC Yeah Buddy Extreme Pre Workout Dietary Supplement
557,Labrada BCAA Formula Power Pre Workout Dietary Supplement
558,RSP Nutrition Creade Advanced Creatine Complex
559,RSP Nutrition Creatine Monohydrate Pre Workout
560,Nutrex Research Glutamine Drive Reduces Muscle BreakDown
561,BPI Sports Best Aminos Pre Workout Dietary Supplement
562,Muscletech Platinum Glutamine Pre Workout Dietary Supplement
563,MuscleMeds Glutamine Decanate Unflavored Dietary Supplement
564,BPI Sports Best BCAA Muscle Recovery Dietary Supplement
567,Muscletech Cell Tech Hyper-Build Dietary Supplement
568,Cellucor C4 Ultimate Most Explosive Pre Workout
569,BSN Hyper Ectreme Energy FX Concentrated Pre Workout 
570,BPI Sports Best Glutamine with Natural and Artificial Flavors
571,Universal Nutrition Animal Up The Volume Pump
573,RSP Nutrition Regen BCAA Pre Workout Dietary Supplement
574,Musclepharm Amino 1 Dietary Supplement
575,Muscletech Performance Series Cell-Tech 
585,BSN N.O. Xplode 2.0 More Powerful Advanced Strength 
586,Musclepharm Assault Energy & Strength Pre Workout
587,BSN Amino X Recovery Agent Pre Workout
588,Bpi Sports Zero Sugar Best Creatine Dietary Supplement 
589,Scivation Xtend BCAAs Pre Workout Dietary Supplement
590,Optimum Nutrition Superior Amino 2222 Pre Workout
591,Muscletech 100% Platinum Creatine Dietary Product
592,ON Micronized Creatine Powder for Good Strtength
593,Optimum Nutrition Essential Muscle Recovery Amin.O. Energy 
595,Labrada Super Charge Pre-Workout Dietary Supplement
596,USP labs Jack3D Pre Work Exercise Dietary Supplement 
597,ON Pro BCAA & Glutamine Support Pre Workout
732,TUMS Assorted Fruit Antacid 96 Chewable Tablets
733,Tums Ultra Strength 1000 Antacid Assorted Berries 72 Tablets
734,TUMS Ultra Strength Assorted Fruit Antacid 72 Chewable Tablets
735,Centrum Women Multivitamin & Multimineral Supplement 120 Tablet
736,Centrum Silver Women Multivitamin & Multimineral Supplement 65 Tablet
737,Centrum Silver 50+ Men V10 Multivitamin & Multimineral 100 Tablets
738,Centrum Silver Tablets Men 50+ for Strong Bones 65 Tablets
739,Centrum Silver Adults 50+ Multivitamin & Multimineral Supplement 125 Tablets
740,Centrum Adults Under 50 Multi-Vitamin Supplement 130 Tablets
741,Centrum Men Under 50 Multivitamin & Mutimineral Supplement 120 Tablets
742,One A Day Men's Health Formula Multivitamin & Miltimineral Supplement 100 Tablets
743,One A Day Men's 50+ Healthy Advantage Multivitamin 65 Tablets
744,One A Day Women's 50+ Healthy Advantage Multivitamin 65 Tablets
745,One A Day Pills Multivitamin & Multimineral Supplement 100 Tablets
746,Caltrate 600+D3 Plus Minerals Calcium & Vitamin D3 Supplement 120 Tablets
747,Caltrate 600+D3 Calcium and Vitamin D Supplement 120 Tablets
748,Seven Seas Pulse Original Omega-3 Pure Fish Oil 120 Capsules
749,Seven Seas Cod Liver Oil One A Day 120 Capsules 
750,Osteo Bi-Flex Joint Health Triple Strength 80 Tablets
751,Caltrate 600+D3 Calcium & Vitamin D Supplement 60 Tablet
752,Osteo Bi-Flex Joint Health Triple Strength & Vitamin D 80 Tablets
753,Move Free Joint Health Advanced Plus MSM 120 tablets 
754,Schiff Move Free Joint Health Dietary Supplement 200 Tablets
756,Meta Mucil Daily Fiber Supplement Husk Fiber Powder 114 Doses
489,Optimum Nutrition Opti-Women High Potency Dietary Supplement 
536,Optimum Nutrition Fish Oil Softgels Dietary Supplement
732,Tums Extra Strength Antacid 96 Chewable Tablets 
733,Tums Ultra Strength 1000 Antacid Assorted Berries 72 Tablets
734,Tums Ultra Strength 1000 Antacid 72 Chewable Tablets 
735,Centrum Women Multivitamin & Multimineral Supplement 120 Tablet
736,Centrum Silver Women Multivitamin & Multimineral Supplement 65 Tablet
737,Centrum Silver 50+ Men Multivitamin & Multimineral Tablet 100 Tablets
738,Centrum Silver Tablets for Strong Bones Personalized 65 Tablets
739,Centrum Silver Adults 50+ Multivitamin & Multimineral Supplement 125 Tablets 
740,Centrum Under Multivitamin Supplement for Adults 130 Tablets
741,Centrum Under 50 Men Multivitamin & Mineral Supplement 120 Tablets 
742,One A Day Men's Multivitamin & Multimineral Supplement 100 Tablets
743,One A Day Men 50+ Healthy Advantage Multivitamin 65 Tablets 
744,One A Day Women 50+ Healthy Advantage Multivitamin 65 Tablets 
745,One A Day Pills Multivitamin & Multimineral Supplement 100 Tablets 
746,Caltrate 600 D3 Plus 2 in 1 Dual Action Calcium Supplement 120 Tablets 
747,Caltrate Vitamin-D Supplement Calcium Suplement 120 Tablets 
748,Seven Seas Pulse Original 260MG Omega-3 Fish Oil 120 Capsules 
749,Seven Seas Fish Oil Plus One A Day 120 Capsules 
750,Osteo Bi-Flex Triple Strength Dietary Supplement 80 Tablets
751,Caltrate 600+D3 Calcium & Vitamin D3 Supplement 60 Tablet
752,Osteo Bi-Flex Joint Health Triple Strength Vitamin-D 80 Tablets 
753,Move Free Joint Health with Glucosamine and Chondroitin 120 tablets 
754,Schiff Move Free Joint Health Dietary Supplement 200 Tablets
756,Meta Mucil Husk Fiber Powder Daily Fiber Supplement 114 Doses 
758,GNC Natural Brand Aloe Vera Soft Gel Supports Digestion
759,GNC Natural Brand Aloe Vera Unflavored Juice
761,GNC Antioxidant Alpha Lipoic Acid 300MG 
762,GNC Antioxidant Alpha Lipoic Acid 600MG
763,GNC Super Foods Unpasteurized Apple Cider Vinegar
764,GNC B-Complex Big 100 Dietary Supplement
765,GNC Herbal Blend B-Complex Complete Dietary Supplement 
766,GNC Biotin 2500MG for Healthy Hair Dietary Supplement
767,"GNC Biotin 5000MG for Healthy Hair, Skin & Nails Dietary Supplement"
768,GNC Biotin 600 MCG Dietary Supplement for Healthy Hair & Skin
769,GNC Calcimate Plus 800 with Magnesium Vitamin D-3
770,GNC Calcium Plus with Magnesium & Vitamin D-3
771,GNC Calcium Plus 1000 with Magnesium & Vitamin D-3
772,GNC Coral Calcium Dietary Supplement 
773,GNC Chromium Picolinate 200-MG 180 Capsules
774,GNC CoQ-10 SoftGel Supports Heart Health 100-MG
775,GNC COQ-10 Powerful Antioxidant 200MG
776,GNC COQ-10 Powerful Antioxidant 50MG
777,GNC Herbal Plus Cranberry Fruit 500MG Herbal Supplement
778,GNC Evening Primrose Oil 500 Dietary Supplement
779,GNC Folic Acid 1000MG 100 Vegetarian Tablets 
780,GNC Folic Acid 800MG for Red Blood Cell Formation
781,GNC Folic Acid 400MG Dietary Supplement
782,GNC Triple Strength Fish Oil 1000-MG 120 Softgel Supplement
783,GNC Herbal Plus Odorless Garlic 500-MG Herbal Supplement
784,GNC Herbal Plus Ginkgo Biloba 120-MG for Mental Sharpness
785,GNC Herbal Plus Ginkgo Biloba Plus Improves Mental Sharpness
786,GNC Glucosamine Non-Shellfish 1000MG
787,GNC Women's Iron Complete High-Potency Formula 60 Caplets
788,"GNC Women's Hair, Skin & Nails Formula Supports Skin"
789,GNC Men's Horny Goat Weed 60 Capsules
790,GNC Milestones Kids Gummy DHA Gluten Free
791,GNC L-Arginine 1000MG Dietary Supplement
792,GNC L-Carnitine 500MG Dietary Supplement
793,GNC L-Carnitine 500MG Dietary Supplement
794,GNC Antioxidant Mega Men Sport
795,GNC Mega Men 50 Plus Dietary Supplement
796,GNC Mega Men Immune & Heart Supports
797,GNC Mega Men Energy & Metabolism Dietary Supplement
798,GNC Magnesium 250MG 90 Vegetarian Tablets
799,GNC Magnesium 500MG Dietary Supplement 120 Capsules
800,GNC Melatonin 1MG Supports Restful Sleep 60 Vegetarian Tablets
801,GNC Melatonin 3MG Supports Restful Sleep 60 Vegetarian Tablets
802,GNC Melatonin 5MG Supports Restful Sleep 60 Vegetarian Tablets
803,GNC Melatonin 3MG Dietary Supplement
804,GNC L-Glutathione 500MG Supports immune Health
805,GNC Zinc 50MG Supports Immune Function
806,GNC Glucosamine 750MG Chondroitin 600MG for Joint Flexibility
807,GNC Vitamin C 1000MG Dietary Supplement 100 Vegetarian Caplets
808,GNC Vitamin C 500MG Protective Antioxidant
809,GNC Vitamin B-12 500MG Dietary Supplement
810,GNC Vitamin B-12 Dietary Supplement 1000MG
811,GNC Vitamin A 10000 IU 100 Softgels Dietary Supplement
812,GNC Vitamin E 400 IU 100% Natural Dietary Supplement
813,GNC Herbal Plus Milk Thistle 200MG Hernal Supplement
814,GNC Herbal Plus Saw Palmetto Berries 540MG Whole Herb
815,GNC Superfoods Apple Cider Vinegar Dietary Supplement
816,GNC Salmon Oil 1000 Source for Omega-3 fatty acids
818,"GNC Women's Hair, Skin & Nails Formula Dietary Supplement"
819,GNC Women's Ultra Mega 50 Plus Multivitamin
820,GNC Women's Ultra Mega Multivitamin Dietary Supplement
821,GNC Women's Ultra Mega Energy & Metabolism 90 Caplets
822,GNC Mega Men One Daily Dietary Supplement
823,GNC Men's Maca Man Advanced Sexual Health Formula for Men
824,GNC Triple Strength Omega Complex Omega 3-6-9 Supplement
826,GNC Zinc 30MG Supports Immune Function
828,GNC Vitamin D-3 1000 IU for Calcium Absorbtion 180 Tablets
829,GNC Ultra Mega Gold Energy Production 90 Caplets
830,GNC Vitamin D-3 2000 IU Supports Teeth & Bone 180 Tablets
833,GNC Herbal Plus Grape Seed Extract 300MG Provides Antioxidant Support
834,GNC Vitamin B-12 Essential for Metabolism 1500MG
836,GNC Vitamin E 1000 IU Supports a Healthy Cardiovascular System
837,GNC Isomer E 400 IU Natural Vitamin E 90 Softgels
838,GNC Herbal Plus Milk Thistle 1300MG Extra Stength
839,GNC Herbal Plus Milk Thistle Sport Herbal Supplement
840,GNC Herbal Plus Milk Thistle 1300MG Ectra Strength
841,GNC Herbal Plus Saw Palmetto Extract 160MG
842,GNC Superfoods Apple Cider Complete Vegetarian Formula
843,GNC Salmon Complex Omerga 3 Supplement
844,GNC Ultra Zinc Lozenges Supports Immune Function
845,GNC Calcimate 1000 With Vitamin D-3 Dietary Supplement
846,GNC Calcimate Plus 800 with Magnesium & Vitamin D-3
847,GNC Triflex Promotes Joint Health 120 Caplets
848,Alka-Seltzer Original Effervescent Fast Relief to Heartburn 36 Tablets
849,Alka-Seltzer Heartburn Relief Lemon Lime 36 Tablets
850,Nicorette Icy White 2MG Gum Nicotine 105 Pieces
851,Gaviscon Original Aniseed Oral Suspension 150ML
852,"Nature's Bounty Hair, Skin & Nails Formula 5000MCG Biotin 250 Softgels"
853,Optrex Refreshing Eye Drops for Tires Eyes
854,Redoxon Effervescent Vitamin C 1000MG
855,Nicorette Anti Smoking Aid Gum 4MG
856,Desitin Diaper Rash Cream Rapid Relief 2 Ounce
857,Dentinox Baby Teething Gel Sugar Free
858,Visine Advanced Redness & Irritation Relief 15ML
859,Strile Visine Original Redness Relief Eye Drops 15 ML
860,Nicorette Freshmint 4MG Gum Nicotine 105 Pieces
861,Paranix Head Lice & Eggs Treatment Shampoo
862,Desitin Maximum Strength 2 Oz Paraben Free
863,Fixodent Food Seal Plus Scope Denture Adhesive Cream 57G
864,Fixodent Denture Adhesive Cream Free from Flavors & Colors
865,Fixodent Plus Gum Care Cream
866,Corega Ultra Denture Fixative Cream 40G
867,USPlabs Amino Lift+ Caffeine Added 258 Grams
868,USPlabs Modern BCAA+ with Electrolytes & Glutamine Pre Workout
869,GAT Sport Amino GT Performance Aminos Plus Energy
870,GAT Sport Nitraflex +C Creatine Dietary Supplement
871,MuscleTech Vapor X5 Next Gen Explosive Energy Pre-Workout
872,Muscletech Amino Build Next Gen Natural & Artificial Flavors
873,BPI Sports Blox Performance Fruit Punch Dietary Supplement
874,BPI Sports 1.M.R. Vortex Pre-Training Powder
875,Muscletech #Shatter SX-7 Dietary Supplement
876,Gaspari Nutrition SuperPump MAX Dietary Supplement
877,Cellucor Beta BCAA Endurance BCAAs 30 Servings
878,"Inner Armour Sports Nutrition Peak Amino 10,000"
879,Universal Nutrition Gain Fast 3100
880,"Muscletech, Premium 100% Whey Isolate Plus Dietary Supplement"
881,BPI Sports Shredded Lean Muscle Recovery Best BCAA
882,MuscleTech Performance Series NitroTech 100% Whey Gold
